{"okpart1.jpg42071":{"filename":"okpart1.jpg","size":42071,"regions":[{"shape_attributes":{"name":"polygon","all_points_x":[2,304,306,2],"all_points_y":[7,8,662,664]},"region_attributes":{"names":"OK"}}],"file_attributes":{"caption":"","public_domain":"no","image_url":""}},"okpart2.jpg77650":{"filename":"okpart2.jpg","size":77650,"regions":[{"shape_attributes":{"name":"polygon","all_points_x":[2,420,420,5],"all_points_y":[1,4,659,661]},"region_attributes":{"names":"OK"}}],"file_attributes":{"caption":"","public_domain":"no","image_url":""}},"okpart3.jpg211319":{"filename":"okpart3.jpg","size":211319,"regions":[{"shape_attributes":{"name":"polygon","all_points_x":[40,297,298,34],"all_points_y":[34,35,561,567]},"region_attributes":{"names":"OK"}}],"file_attributes":{"caption":"","public_domain":"no","image_url":""}},"okpart4.jpg162110":{"filename":"okpart4.jpg","size":162110,"regions":[{"shape_attributes":{"name":"polygon","all_points_x":[4,275,275,2],"all_points_y":[4,6,610,614]},"region_attributes":{"names":"OK"}}],"file_attributes":{"caption":"","public_domain":"no","image_url":""}},"defectpart1.jpg57480":{"filename":"defectpart1.jpg","size":57480,"regions":[{"shape_attributes":{"name":"polygon","all_points_x":[2,290,292,2],"all_points_y":[4,6,687,690]},"region_attributes":{"names":"OK"}},{"shape_attributes":{"name":"polygon","all_points_x":[98,119,116],"all_points_y":[359,353,368]},"region_attributes":{"names":"Defect"}}],"file_attributes":{"caption":"","public_domain":"no","image_url":""}},"defectpart3.jpg392577":{"filename":"defectpart3.jpg","size":392577,"regions":[{"shape_attributes":{"name":"polygon","all_points_x":[29,311,313,24],"all_points_y":[5,6,688,682]},"region_attributes":{"names":"OK"}},{"shape_attributes":{"name":"polygon","all_points_x":[62,57,53,61,64,67,64],"all_points_y":[73,153,455,455,262,134,81]},"region_attributes":{"names":"Defect"}}],"file_attributes":{"caption":"","public_domain":"no","image_url":""}},"defectpart4.jpg182861":{"filename":"defectpart4.jpg","size":182861,"regions":[{"shape_attributes":{"name":"polygon","all_points_x":[3,259,259,1],"all_points_y":[4,5,702,704]},"region_attributes":{"names":"OK"}},{"shape_attributes":{"name":"polygon","all_points_x":[145,162,170,167,161,138,127,136],"all_points_y":[304,306,322,344,355,356,337,307]},"region_attributes":{"names":"Defect"}}],"file_attributes":{"caption":"","public_domain":"no","image_url":""}},"defectpart6.jpg257509":{"filename":"defectpart6.jpg","size":257509,"regions":[{"shape_attributes":{"name":"polygon","all_points_x":[2,282,281,5],"all_points_y":[2,2,668,670]},"region_attributes":{"names":"OK"}},{"shape_attributes":{"name":"polygon","all_points_x":[143,175,187,179,162,131,115,119,143],"all_points_y":[150,202,313,414,437,402,288,199,151]},"region_attributes":{"names":"Defect"}}],"file_attributes":{"caption":"","public_domain":"no","image_url":""}},"defectpart11.jpg466893":{"filename":"defectpart11.jpg","size":466893,"regions":[{"shape_attributes":{"name":"polygon","all_points_x":[0,352,352,3],"all_points_y":[5,6,704,705]},"region_attributes":{"names":"OK"}},{"shape_attributes":{"name":"polygon","all_points_x":[138,148,191,236,268,278,242,203,173,161,139],"all_points_y":[296,342,454,569,635,636,536,432,349,310,296]},"region_attributes":{"names":"Defect"}}],"file_attributes":{"caption":"","public_domain":"no","image_url":""}},"defectpart19.jpg455252":{"filename":"defectpart19.jpg","size":455252,"regions":[{"shape_attributes":{"name":"polygon","all_points_x":[3,299,298,1],"all_points_y":[5,5,705,705]},"region_attributes":{"names":"OK"}},{"shape_attributes":{"name":"polygon","all_points_x":[182,157,162,183,216,232,223,210,183],"all_points_y":[247,280,339,387,383,330,279,252,247]},"region_attributes":{"names":"Defect"}}],"file_attributes":{"caption":"","public_domain":"no","image_url":""}},"defectpart21.jpg529573":{"filename":"defectpart21.jpg","size":529573,"regions":[{"shape_attributes":{"name":"polygon","all_points_x":[6,303,307,4],"all_points_y":[3,6,712,712]},"region_attributes":{"names":"OK"}},{"shape_attributes":{"name":"polygon","all_points_x":[150,182,161,137],"all_points_y":[349,358,419,407]},"region_attributes":{"names":"Defect"}}],"file_attributes":{"caption":"","public_domain":"no","image_url":""}},"okpart6.jpg237863":{"filename":"okpart6.jpg","size":237863,"regions":[{"shape_attributes":{"name":"polygon","all_points_x":[2,295,296,4],"all_points_y":[3,4,586,587]},"region_attributes":{"names":"OK"}}],"file_attributes":{"caption":"","public_domain":"no","image_url":""}},"okpart11.jpg367883":{"filename":"okpart11.jpg","size":367883,"regions":[{"shape_attributes":{"name":"polygon","all_points_x":[2,348,345,2],"all_points_y":[5,5,647,647]},"region_attributes":{"names":"OK"}}],"file_attributes":{"caption":"","public_domain":"no","image_url":""}},"okpart19.jpg394917":{"filename":"okpart19.jpg","size":394917,"regions":[{"shape_attributes":{"name":"polygon","all_points_x":[4,297,297,4],"all_points_y":[4,5,666,667]},"region_attributes":{"names":"OK"}}],"file_attributes":{"caption":"","public_domain":"no","image_url":""}},"okpart21.jpg394428":{"filename":"okpart21.jpg","size":394428,"regions":[{"shape_attributes":{"name":"polygon","all_points_x":[2,286,286,4],"all_points_y":[5,5,668,669]},"region_attributes":{"names":"OK"}}],"file_attributes":{"caption":"","public_domain":"no","image_url":""}},"okpart28.jpg282801":{"filename":"okpart28.jpg","size":282801,"regions":[{"shape_attributes":{"name":"polygon","all_points_x":[2,285,283,2],"all_points_y":[1,3,614,614]},"region_attributes":{"names":"OK"}}],"file_attributes":{"caption":"","public_domain":"no","image_url":""}},"okpart31.jpg41386":{"filename":"okpart31.jpg","size":41386,"regions":[{"shape_attributes":{"name":"polygon","all_points_x":[2,289,289,2],"all_points_y":[6,4,618,618]},"region_attributes":{"names":"OK"}}],"file_attributes":{"caption":"","public_domain":"no","image_url":""}},"defectpart2.jpg348123":{"filename":"defectpart2.jpg","size":348123,"regions":[{"shape_attributes":{"name":"polygon","all_points_x":[4,386,386,6],"all_points_y":[4,6,671,672]},"region_attributes":{"names":"OK"}},{"shape_attributes":{"name":"polygon","all_points_x":[174,173,180,187,193,189,185,176],"all_points_y":[131,163,193,202,175,151,135,132]},"region_attributes":{"names":"Defect"}},{"shape_attributes":{"name":"polygon","all_points_x":[173,167,160,167,179,182,189,195,191,174],"all_points_y":[276,296,313,334,361,361,320,286,272,274]},"region_attributes":{"names":"Defect"}}],"file_attributes":{"public_domain":"no","image_url":""}},"defectpart28.jpg370557":{"filename":"defectpart28.jpg","size":370557,"regions":[{"shape_attributes":{"name":"polygon","all_points_x":[4,278,278,4],"all_points_y":[2,6,662,662]},"region_attributes":{"names":"OK"}},{"shape_attributes":{"name":"polygon","all_points_x":[180,170,169,175,181,189,194,196,196,195,180],"all_points_y":[250,310,359,387,387,356,316,281,254,234,250]},"region_attributes":{"names":"Defect"}}],"file_attributes":{"public_domain":"no","image_url":""}},"defectpart31.jpg43976":{"filename":"defectpart31.jpg","size":43976,"regions":[{"shape_attributes":{"name":"polygon","all_points_x":[4,265,266,5],"all_points_y":[4,4,663,668]},"region_attributes":{"names":"OK"}},{"shape_attributes":{"name":"polygon","all_points_x":[163,146,150,172,198,210,200,194,208,208,194,189],"all_points_y":[412,448,498,568,545,535,508,483,465,443,435,413]},"region_attributes":{"names":"Defect"}}],"file_attributes":{"public_domain":"no","image_url":""}},"defectpart27.jpg341367":{"filename":"defectpart27.jpg","size":341367,"regions":[{"shape_attributes":{"name":"polygon","all_points_x":[4,293,292,6],"all_points_y":[4,5,692,697]},"region_attributes":{"names":"OK"}},{"shape_attributes":{"name":"polygon","all_points_x":[86,110,114,131,140,157,168,173,175,170,158,145,135,118,104,96,88,81],"all_points_y":[398,413,421,414,401,411,412,402,412,423,426,414,424,433,426,417,413,404]},"region_attributes":{"names":"Defect"}}],"file_attributes":{"public_domain":"no","image_url":""}},"okpart27.jpg365630":{"filename":"okpart27.jpg","size":365630,"regions":[{"shape_attributes":{"name":"polygon","all_points_x":[2,301,300,5],"all_points_y":[5,5,632,634]},"region_attributes":{"names":"OK"}}],"file_attributes":{"public_domain":"no","image_url":""}}}